region_code,region,crop,year,harvested_area_ha,production_t,farms_count
R09,Республика Татарстан,лук,2024,1724.7,38406.12,103
R05,Кабардино-Балкарская Республика,помидор,2024,869.1,15437.14,24
R24,Кировская область,лук,2024,1799.4,49414.01,88
R01,Республика Адыгея,горох,2024,9534.4,25874.89,296
R12,Алтайский край,лук,2024,1712.8,37412.62,50
R05,Кабардино-Балкарская Республика,укроп,2024,408.3,2326.8,12
R02,Республика Башкортостан,картофель,2024,4219.8,68048.42,198
R23,Кемеровская область - Кузбасс,помидор,2024,806.3,50370.08,26
R24,Кировская область,тыква,2024,784.9,10180.5,37
R21,Иркутская область,свёкла,2024,1840,47702.03,60
R19,Волгоградская область,лук,2024,1312.7,38196.76,63
R24,Кировская область,помидор,2024,761.8,43520.77,28
R09,Республика Татарстан,баклажан,2024,497.3,6478.36,14
R27,Московская область,огурец,2024,676.7,24823.31,28
R16,Астраханская область,баклажан,2024,762.7,13984.79,22
R07,Республика Марий Эл,помидор,2024,845.4,53923.78,43
R04,Республика Дагестан,тыква,2024,683.9,8252.07,22
R21,Иркутская область,картофель,2024,6063.7,109394.4,256
R21,Иркутская область,укроп,2024,181.1,1037.73,5
R06,Карачаево-Черкесская Республика,морковь,2024,1506.6,33243.54,55
R26,Липецкая область,яблоко,2024,1205,5070.07,31
R20,Воронежская область,баклажан,2024,368.8,6396.24,19
R04,Республика Дагестан,картофель,2024,3814.5,78414.13,125
R09,Республика Татарстан,тыква,2024,682.5,10924.03,28
R30,Ростовская область,лук,2024,1758.2,43032.79,57
R21,Иркутская область,морковь,2024,1804.7,40366.35,67
R18,Брянская область,огурец,2024,734,6893.54,30
R11,Чувашская Республика,капуста,2024,978.8,48292.4,27
R20,Воронежская область,яблоко,2024,1245.1,28932.3,54
R16,Астраханская область,горох,2024,7596.2,23014.14,210
R14,Ставропольский край,огурец,2024,,7991.12,18
R02,Республика Башкортостан,укроп,2024,146.8,943.1,8
R21,Иркутская область,тыква,2024,874.7,12861.79,30
R23,Кемеровская область - Кузбасс,картофель,2024,5643.8,123079.65,226
R18,Брянская область,лук,2024,2911.6,59189.23,95
R27,Московская область,морковь,2024,3381.1,80862.78,119
R27,Московская область,свёкла,2024,1030.3,34083.52,58
R19,Волгоградская область,свёкла,2024,1339.1,43470.56,34
R14,Ставропольский край,горох,2024,7267.4,26144.72,198
R06,Карачаево-Черкесская Республика,огурец,2024,663.5,26941.12,18
R17,Белгородская область,картофель,2024,15070.5,254275.42,693
R09,Республика Татарстан,морковь,2024,2899.4,45181.01,78
R04,Республика Дагестан,огурец,2024,1033.7,45786.32,50
R20,Воронежская область,морковь,2024,1357,25538.18,65
R07,Республика Марий Эл,укроп,2024,195.5,1310.06,6
R02,Республика Башкортостан,огурец,2024,725.4,7793.16,23
R30,Ростовская область,картофель,2024,7170.6,131294.47,304
R07,Республика Марий Эл,капуста,2024,965.6,16524.77,26
R15,Амурская область,картофель,2024,10231.3,154312.21,257
R12,Алтайский край,укроп,2024,340.4,2053.52,16
R05,Кабардино-Балкарская Республика,яблоко,2024,1048.6,4600.65,26
R06,Карачаево-Черкесская Республика,свёкла,2024,6807.8,178401.94,190
R27,Московская область,укроп,2024,293,1967.71,16
R05,Кабардино-Балкарская Республика,огурец,2024,674.9,26485.86,21
R16,Астраханская область,тыква,2024,1095.4,19238.81,27
R06,Карачаево-Черкесская Республика,горох,2024,8893.6,18259.19,260
R22,Калужская область,тыква,2024,293.9,3376.76,9
R18,Брянская область,капуста,2024,978.3,18431.98,32
R15,Амурская область,помидор,2024,835.7,11538.41,24
R12,Алтайский край,морковь,2024,,46283.22,62
R06,Карачаево-Черкесская Республика,лук,2024,2289.3,59873.84,85
R03,Республика Бурятия,картофель,2024,3266.8,67281.38,157
R11,Чувашская Республика,огурец,2024,812.5,11354.43,21
R22,Калужская область,укроп,2024,168.3,982.54,5
R26,Липецкая область,лук,2024,1890.7,29567.77,102
R25,Курская область,яблоко,2024,1209.9,25564.32,40
R16,Астраханская область,морковь,2024,1547.8,39953.72,65
R02,Республика Башкортостан,горох,2024,17514.3,39111.99,594
R08,Республика Мордовия,горох,2024,8006.5,19341.97,443
R17,Белгородская область,баклажан,2024,,10310.15,16
R07,Республика Марий Эл,морковь,2024,1778.7,44965.42,56
R26,Липецкая область,капуста,2024,924.4,13508.72,34
R14,Ставропольский край,лук,2024,829,22931.84,34
R26,Липецкая область,баклажан,2024,657,12975.95,42
R02,Республика Башкортостан,лук,2024,2198.5,27855.11,59
R25,Курская область,лук,2024,2282.3,58277.8,87
R29,Новосибирская область,яблоко,2024,1033.1,23328.56,46
R07,Республика Марий Эл,баклажан,2024,763.7,14949.24,25
R23,Кемеровская область - Кузбасс,капуста,2024,994.9,49886.47,28
R08,Республика Мордовия,баклажан,2024,788.2,21594.1,23
R22,Калужская область,морковь,2024,1841.1,33133.68,46
R21,Иркутская область,баклажан,2024,770.7,12048.29,36
R28,Нижегородская область,лук,2024,3940.7,115913.38,197
R01,Республика Адыгея,капуста,2024,875.4,46095.69,50
R02,Республика Башкортостан,яблоко,2024,1092.4,4369.06,31
R19,Волгоградская область,огурец,2024,762.7,10292.55,26
R02,Республика Башкортостан,тыква,2024,462.7,6672.26,17
R10,Удмуртская Республика,баклажан,2024,767.6,17035.06,43
R26,Липецкая область,картофель,2024,4198.8,74164.05,117
R16,Астраханская область,помидор,2024,839.6,13666.57,22
R12,Алтайский край,капуста,2024,968.6,53271.79,32
R15,Амурская область,капуста,2024,893.5,17862.11,25
R25,Курская область,баклажан,2024,404,8215.57,18
R24,Кировская область,яблоко,2024,,5055.97,26
R04,Республика Дагестан,укроп,2024,215.5,1188.3,14
R11,Чувашская Республика,морковь,2024,1547.4,33432.68,48
R17,Белгородская область,огурец,2024,608.5,21746.18,37
R22,Калужская область,яблоко,2024,1051.3,5367.73,38
R13,Краснодарский край,горох,2024,9266.3,28527.28,497
R25,Курская область,горох,2024,7394.5,23983.15,306
R14,Ставропольский край,яблоко,2024,1069.5,5711.31,44
R05,Кабардино-Балкарская Республика,картофель,2024,5425.2,80089.39,167
R01,Республика Адыгея,свёкла,2024,,17949.48,28
R09,Республика Татарстан,свёкла,2024,2332.3,58198.69,102
R01,Республика Адыгея,яблоко,2024,1095.4,23494.92,37
R01,Республика Адыгея,огурец,2024,690.2,26466.81,33
R27,Московская область,горох,2024,12672.8,30163,382
R12,Алтайский край,тыква,2024,1941.4,30365.11,54
R08,Республика Мордовия,укроп,2024,242.4,1821.26,9
R25,Курская область,картофель,2024,7123.4,152165.25,228
R15,Амурская область,баклажан,2024,1406.8,27196.62,51
R22,Калужская область,горох,2024,7622.2,19274.91,197
R30,Ростовская область,огурец,2024,692.5,8921.43,19
R07,Республика Марий Эл,огурец,2024,701,7464.4,38
R15,Амурская область,свёкла,2024,992.1,27519.29,29
R15,Амурская область,горох,2024,6964.9,14914.25,335
R18,Брянская область,свёкла,2024,1307.4,46096.12,85
R13,Краснодарский край,морковь,2024,3107,89972.87,204
R16,Астраханская область,картофель,2024,4856.8,82915.32,157
R28,Нижегородская область,лук,2024,3940.7,115913.38,197
R09,Республика Татарстан,капуста,2024,1054.4,53536.68,48
R18,Брянская область,укроп,2024,,564.58,4
R02,Республика Башкортостан,помидор,2024,777.4,46780.72,19
R17,Белгородская область,помидор,2024,834.7,50765.38,32
R11,Чувашская Республика,помидор,2024,,13461.32,46
R05,Кабардино-Балкарская Республика,капуста,2024,1071.1,22089.76,31
R02,Республика Башкортостан,баклажан,2024,745.6,11565.14,30
R20,Воронежская область,укроп,2024,245.5,1509.51,13
R30,Ростовская область,тыква,2024,1139.4,17740.98,54
R30,Ростовская область,свёкла,2024,2260.7,58263.25,118
R02,Республика Башкортостан,морковь,2024,2289.5,63673.91,65
R20,Воронежская область,помидор,2024,816.4,11989.17,21
R07,Республика Марий Эл,лук,2024,2016.7,55694.35,100
R03,Республика Бурятия,тыква,2024,963.3,16945.73,24
R06,Карачаево-Черкесская Республика,картофель,2024,9494.8,141747.02,363
R27,Московская область,капуста,2024,920.6,43966.53,38
R18,Брянская область,горох,2024,6824.9,17549.05,340
R29,Новосибирская область,свёкла,2024,1634.6,37180.36,70
R09,Республика Татарстан,горох,2024,3734.2,9249.96,106
R12,Алтайский край,огурец,2024,659.5,6573.47,17
R20,Воронежская область,тыква,2024,540.7,6032.28,14
R14,Ставропольский край,свёкла,2024,421,10672.1,12
R11,Чувашская Республика,укроп,2024,382.4,2253.03,12
R12,Алтайский край,помидор,2024,846.5,10881.87,22
R26,Липецкая область,помидор,2024,861.4,12173.4,44
R05,Кабардино-Балкарская Республика,морковь,2024,1873.2,35982.08,124
R20,Воронежская область,капуста,2024,1036.3,18992.89,28
R19,Волгоградская область,картофель,2024,5286.5,91947.97,332
R19,Волгоградская область,помидор,2024,849.6,48887.21,28
R03,Республика Бурятия,горох,2024,12548,28757.94,662
R29,Новосибирская область,картофель,2024,,120976.2,250
R16,Астраханская область,укроп,2024,139.1,606.12,4
R29,Новосибирская область,капуста,2024,1079.5,17282.51,36
R01,Республика Адыгея,картофель,2024,4080.6,88443.27,114
R04,Республика Дагестан,морковь,2024,2048.8,50312.97,58
R14,Ставропольский край,укроп,2024,250.4,1547.24,17
R28,Нижегородская область,тыква,2024,900.2,12899.05,23
R28,Нижегородская область,баклажан,2024,1045.5,21050.33,42
R22,Калужская область,помидор,2024,868.7,13635.98,44
R14,Ставропольский край,тыква,2024,613.5,8312.89,18
R25,Курская область,тыква,2024,705.7,9902.89,26
R29,Новосибирская область,огурец,2024,728.4,30093.01,47
R21,Иркутская область,лук,2024,,78235.23,170
R03,Республика Бурятия,морковь,2024,2026.4,38436.54,85
R25,Курская область,капуста,2024,,16883.11,25
R13,Краснодарский край,свёкла,2024,728,25057.78,47
R21,Иркутская область,помидор,2024,767.9,45523.49,39
R19,Волгоградская область,морковь,2024,2124.2,43007.28,89
R10,Удмуртская Республика,укроп,2024,1918.6,11931.35,128
R23,Кемеровская область - Кузбасс,огурец,2024,618.7,25902.36,17
R09,Республика Татарстан,огурец,2024,692.2,9159.35,35
R07,Республика Марий Эл,картофель,2024,3975.7,78863.36,170
R11,Чувашская Республика,лук,2024,1075.8,17813.26,33
R29,Новосибирская область,баклажан,2024,867,18127.02,35
R05,Кабардино-Балкарская Республика,тыква,2024,546.6,7249.79,17
R15,Амурская область,огурец,2024,710.9,10370.52,25
R07,Республика Марий Эл,тыква,2024,1192.1,12748.68,44
R10,Удмуртская Республика,горох,2024,8194.1,23594.31,376
R09,Республика Татарстан,картофель,2024,6414.8,145466.19,326
R17,Белгородская область,горох,2024,6586.5,17727.63,168
R13,Краснодарский край,помидор,2024,787.1,13775.59,31
R10,Удмуртская Республика,картофель,2024,4588.7,103664.74,126
R10,Удмуртская Республика,помидор,2024,850.5,15578.86,55
R09,Республика Татарстан,помидор,2024,784,49634.62,24
R16,Астраханская область,капуста,2024,995.4,53028.68,26
R10,Удмуртская Республика,тыква,2024,713.1,9873.28,29
R13,Краснодарский край,огурец,2024,611.1,26405.62,18
R21,Иркутская область,морковь,2024,1804.7,40366.35,67
R07,Республика Марий Эл,свёкла,2024,1154.8,31629.77,35
R06,Карачаево-Черкесская Республика,помидор,2024,1326.5,88367.2,42
R19,Волгоградская область,тыква,2024,544.1,8531.63,31
R28,Нижегородская область,свёкла,2024,1296.7,32122.37,38
R29,Новосибирская область,горох,2024,37354.8,77596.47,1031
R25,Курская область,огурец,2024,702.1,7837.75,18
R23,Кемеровская область - Кузбасс,укроп,2024,173.1,1215.53,7
R04,Республика Дагестан,свёкла,2024,733.6,15164,22
R27,Московская область,лук,2024,2109.9,49335.08,127
R10,Удмуртская Республика,свёкла,2024,1729.3,52339.13,52
R26,Липецкая область,помидор,2024,861.4,12173.4,44
R07,Республика Марий Эл,огурец,2024,701,7464.4,38
R11,Чувашская Республика,свёкла,2024,957.2,22558.61,35
R07,Республика Марий Эл,горох,2024,17012.9,32788.74,867
R18,Брянская область,помидор,2024,983,16305.22,38
R26,Липецкая область,горох,2024,8320.9,23819.54,272
R24,Кировская область,капуста,2024,1108.9,18668.92,45
R19,Волгоградская область,баклажан,2024,474,8354.49,15
R08,Республика Мордовия,яблоко,2024,1113.6,5829.9,33
R04,Республика Дагестан,капуста,2024,1004,56531.31,32
R19,Волгоградская область,яблоко,2024,1081.2,22528.48,34
R08,Республика Мордовия,картофель,2024,6758.3,101539.45,390
R12,Алтайский край,свёкла,2024,1357,35617.53,83
R24,Кировская область,огурец,2024,774.9,29484.98,24
R06,Карачаево-Черкесская Республика,яблоко,2024,1006.1,21821.64,28
R28,Нижегородская область,горох,2024,4011.6,13579.67,135
R12,Алтайский край,яблоко,2024,1152.9,26961.55,32
R13,Краснодарский край,картофель,2024,4672.5,70343.6,119
R28,Нижегородская область,яблоко,2024,1164.7,5415.55,30
R01,Республика Адыгея,морковь,2024,2968.5,85302.24,96
R20,Воронежская область,тыква,2024,540.7,6032.28,14
R29,Новосибирская область,укроп,2024,158.3,1055.2,6
R06,Карачаево-Черкесская Республика,укроп,2024,291.9,1320.47,9
R16,Астраханская область,яблоко,2024,1047.7,20578.71,60
R17,Белгородская область,укроп,2024,289.4,1568.93,10
R23,Кемеровская область - Кузбасс,морковь,2024,2081.3,53415.58,83
R01,Республика Адыгея,тыква,2024,1020.1,13245.91,48
R24,Кировская область,укроп,2024,143,931.31,4
R12,Алтайский край,картофель,2024,5181.1,83410.96,180
R25,Курская область,морковь,2024,1628.2,46698.37,103
R27,Московская область,тыква,2024,322.6,5775.62,8
R11,Чувашская Республика,яблоко,2024,1067.6,5909.43,60
R23,Кемеровская область - Кузбасс,баклажан,2024,326.2,6865.24,20
R23,Кемеровская область - Кузбасс,лук,2024,2034.3,36068.3,80
R01,Республика Адыгея,баклажан,2024,936.1,16533.57,26
R07,Республика Марий Эл,яблоко,2024,1270.7,28981.61,36
R25,Курская область,помидор,2024,866.5,13237.53,25
R30,Ростовская область,помидор,2024,783.1,43813.96,36
R08,Республика Мордовия,тыква,2024,563.9,9890.22,18
R08,Республика Мордовия,свёкла,2024,1080.8,23495.94,37
R02,Республика Башкортостан,капуста,2024,892.7,17169.13,45
R13,Краснодарский край,капуста,2024,1029.3,52793.65,33
R04,Республика Дагестан,яблоко,2024,1031.7,4917.22,61
R15,Амурская область,укроп,2024,213.2,965.66,13
R12,Алтайский край,горох,2024,,18904.56,329
R21,Иркутская область,яблоко,2024,1089.8,6313.54,28
R08,Республика Мордовия,помидор,2024,893.7,49242.67,29
R03,Республика Бурятия,помидор,2024,820.5,12311.39,24
R16,Астраханская область,лук,2024,1831.9,48964.68,66
R23,Кемеровская область - Кузбасс,свёкла,2024,885,22192.27,23
R13,Краснодарский край,укроп,2024,361.9,2175.39,15
R16,Астраханская область,свёкла,2024,900.9,21964.31,25
R06,Карачаево-Черкесская Республика,тыква,2024,795,12073.13,26
R24,Кировская область,свёкла,2024,1676.2,44199.88,47
R29,Новосибирская область,лук,2024,1443.5,32055.44,85
R29,Новосибирская область,помидор,2024,815.7,53091.73,28
R03,Республика Бурятия,яблоко,2024,1498.2,36429.49,53
R18,Брянская область,свёкла,2024,1307.4,46096.12,85
R20,Воронежская область,огурец,2024,716.7,30473.34,24
R23,Кемеровская область - Кузбасс,горох,2024,4763,11613.19,197
R13,Краснодарский край,тыква,2024,,14743.16,47
R14,Ставропольский край,картофель,2024,2689.7,44199.41,148
R22,Калужская область,баклажан,2024,465,7926.59,12
R15,Амурская область,яблоко,2024,1212.3,28870.83,50
R25,Курская область,свёкла,2024,1901.2,48334.16,90
R27,Московская область,картофель,2024,5257.4,100152.04,272
R10,Удмуртская Республика,морковь,2024,1817.2,43721.58,118
R30,Ростовская область,укроп,2024,154.1,559.89,5
R03,Республика Бурятия,капуста,2024,939.6,14390.43,60
R15,Амурская область,лук,2024,2558.7,56736.92,140
R05,Кабардино-Балкарская Республика,баклажан,2024,547,9531.12,21
R22,Калужская область,капуста,2024,1082.1,17697.4,36
R09,Республика Татарстан,укроп,2024,270.7,1415.02,10
R20,Воронежская область,лук,2024,1700.1,46918.63,49
R30,Ростовская область,морковь,2024,2220.4,47991.04,60
R04,Республика Дагестан,горох,2024,13305.9,39497.27,739
R26,Липецкая область,морковь,2024,2609.1,67849.76,65
R26,Липецкая область,тыква,2024,637.3,6690.43,22
R10,Удмуртская Республика,лук,2024,2326.2,47106.64,101
R17,Белгородская область,лук,2024,869.1,26125.4,24
R12,Алтайский край,баклажан,2024,1080.1,20837.66,55
R11,Чувашская Республика,картофель,2024,8683.7,175541.68,219
R05,Кабардино-Балкарская Республика,горох,2024,10082.7,24191.19,459
R06,Карачаево-Черкесская Республика,баклажан,2024,413.9,9079.8,15
R18,Брянская область,яблоко,2024,1151,23772.29,44
R19,Волгоградская область,горох,2024,9034.5,25421.13,589
R11,Чувашская Республика,горох,2024,8286.6,21660.92,230
R17,Белгородская область,тыква,2024,674.8,10224.25,23
R27,Московская область,баклажан,2024,490.5,6272.41,15
R21,Иркутская область,капуста,2024,993.4,54045.82,33
R15,Амурская область,тыква,2024,752.8,9662.14,42
R29,Новосибирская область,морковь,2024,9866.9,207102.94,370
R21,Иркутская область,огурец,2024,711.4,26675.96,26
R11,Чувашская Республика,баклажан,2024,597.2,11031.25,22
R19,Волгоградская область,баклажан,2024,474,8354.49,15
R09,Республика Татарстан,яблоко,2024,1032.9,6225.76,68
R24,Кировская область,картофель,2024,4711.8,83571.3,125
R03,Республика Бурятия,баклажан,2024,576,9829.61,16
R03,Республика Бурятия,огурец,2024,664.8,8366.83,40
R01,Республика Адыгея,укроп,2024,89.2,547.38,4
R19,Волгоградская область,капуста,2024,861.2,46379.27,36
R18,Брянская область,морковь,2024,1956.9,48128.19,83
R03,Республика Бурятия,лук,2024,6737.5,174348.88,336
R05,Кабардино-Балкарская Республика,лук,2024,1697.1,44468.56,91
R29,Новосибирская область,тыква,2024,809.1,11938.93,30
R27,Московская область,помидор,2024,864.7,53249.91,41
R10,Удмуртская Республика,яблоко,2024,1033.8,22790.69,35
R11,Чувашская Республика,тыква,2024,848.9,13711.99,55
R08,Республика Мордовия,капуста,2024,1477,84829.12,42
R13,Краснодарский край,баклажан,2024,675.6,11768.38,27
R28,Нижегородская область,картофель,2024,3374.3,66906.94,101
R04,Республика Дагестан,лук,2024,2910.7,85577,97
R13,Краснодарский край,лук,2024,2117.7,41532.58,107
R29,Новосибирская область,капуста,2024,1079.5,17282.51,36
R20,Воронежская область,свёкла,2024,2871.9,82061.02,83
R13,Краснодарский край,яблоко,2024,988.9,4845.46,60
R22,Калужская область,лук,2024,1554.5,34153.36,64
R25,Курская область,укроп,2024,171.1,1050.59,5
R02,Республика Башкортостан,свёкла,2024,1246,36869.11,53
R03,Республика Бурятия,укроп,2024,426.1,2120.32,20
R23,Кемеровская область - Кузбасс,яблоко,2024,1183.7,23845.74,33
R21,Иркутская область,горох,2024,7353,21086.46,252
R28,Нижегородская область,огурец,2024,636.5,26084.81,22
R17,Белгородская область,яблоко,2024,986.9,5522.09,36
R04,Республика Дагестан,баклажан,2024,336.2,6128.39,12
R17,Белгородская область,морковь,2024,1704.8,42032.1,77
R22,Калужская область,огурец,2024,675.6,26641.04,24
R28,Нижегородская область,морковь,2024,3928.2,77300.15,155
R01,Республика Адыгея,лук,2024,2090.6,50468.11,103
R10,Удмуртская Республика,огурец,2024,685.3,8431.37,23
R17,Белгородская область,свёкла,2024,1163.9,34550.19,45
R05,Кабардино-Балкарская Республика,свёкла,2024,1629.1,45626.23,47
R08,Республика Мордовия,морковь,2024,3159.4,59440.41,92
R16,Астраханская область,огурец,2024,590.7,6750.41,18
R28,Нижегородская область,капуста,2024,1034.4,18303.21,50
R15,Амурская область,морковь,2024,1707.2,32194.07,65
R08,Республика Мордовия,огурец,2024,708.4,8268.27,23
R28,Нижегородская область,укроп,2024,157.9,874.99,6
R24,Кировская область,горох,2024,11649.5,37155.17,356
R14,Ставропольский край,баклажан,2024,3558.8,61584.53,90
R18,Брянская область,баклажан,2024,359,8188.65,15
R27,Московская область,яблоко,2024,1195.5,5430.27,32
R10,Удмуртская Республика,капуста,2024,986.1,21131.14,60
R30,Ростовская область,горох,2024,8383.7,21361.99,236
R23,Кемеровская область - Кузбасс,тыква,2024,535.9,6741.13,28
R21,Иркутская область,укроп,2024,181.1,1037.73,5
R19,Волгоградская область,укроп,2024,181.4,1503.59,8
R20,Воронежская область,картофель,2024,5039.6,96657.84,144
R01,Республика Адыгея,помидор,2024,839.8,44828.82,22
R28,Нижегородская область,помидор,2024,807.7,13883.12,29
R18,Брянская область,картофель,2024,7589.3,125815.96,195
R20,Воронежская область,картофель,2024,5039.6,96657.84,144
R06,Карачаево-Черкесская Республика,капуста,2024,1044,20285.96,55
R03,Республика Бурятия,свёкла,2024,1150.3,32270.95,34
R18,Брянская область,тыква,2024,1602.4,22571.03,63
R22,Калужская область,свёкла,2024,1549.8,50726.96,48
R26,Липецкая область,огурец,2024,770.5,30734.63,23
R05,Кабардино-Балкарская Республика,яблоко,2024,1048.6,4600.65,26
R14,Ставропольский край,капуста,2024,967.1,47234.91,53
R04,Республика Дагестан,помидор,2024,977.4,18656.3,27
R30,Ростовская область,капуста,2024,1097.5,57038.78,39
R14,Ставропольский край,морковь,2024,3316.5,68743.58,199
R17,Белгородская область,капуста,2024,919.8,42905.01,28
R30,Ростовская область,баклажан,2024,524.8,11443.76,17
R26,Липецкая область,укроп,2024,315,1899.5,10
R24,Кировская область,баклажан,2024,744.2,13597.65,25
R08,Республика Мордовия,лук,2024,1750.7,30952.41,68
R27,Московская область,горох,2024,12672.8,30163,382
R14,Ставропольский край,помидор,2024,802.6,46892.25,38
R22,Калужская область,картофель,2024,2911,53531.56,75
R24,Кировская область,морковь,2024,1615.9,31707.86,53
R20,Воронежская область,горох,2024,9360.1,18831.9,436
R26,Липецкая область,свёкла,2024,771.1,26595.46,28
R30,Ростовская область,яблоко,2024,1144.9,25378.3,69
